Allele,AA_wt,AA_variant,Position,fitness,mutation,codon
MS3IC,MS,IC,3,unknown,double,ATGAGT
MS3IR,MS,IR,3,0.00716245481727599,double,ATGAGT
MS3IG,MS,IG,3,0.0114110084213274,double,ATGAGT
SI4RF,SI,RF,4,0.529982609473024,double,AGTATT
SI4RL,SI,RL,4,0.511465176868585,double,AGTATT
SI4RV,SI,RV,4,unknown,double,AGTATT
IQ5ME,IQ,ME,5,unknown,double,ATTCAA
IQ5MK,IQ,MK,5,unknown,double,ATTCAA
IQ5M*,IQ,M*,5,unknown,double,ATTCAA
QH6HY,QH,HY,6,unknown,double,CAACAT
QH6HD,QH,HD,6,unknown,double,CAACAT
QH6HN,QH,HN,6,unknown,double,CAACAT
HF7QV,HF,QV,7,unknown,double,CATTTC
HF7QL,HF,QL,7,unknown,double,CATTTC
HF7QI,HF,QI,7,unknown,double,CATTTC
FR8LG,FR,LG,8,unknown,double,TTCCGT
FR8LC,FR,LC,8,unknown,double,TTCCGT
FR8LS,FR,LS,8,unknown,double,TTCCGT
IP13MA,IP,MA,13,unknown,double,ATTCCC
IP13MS,IP,MS,13,unknown,double,ATTCCC
IP13MT,IP,MT,13,unknown,double,ATTCCC
FF15LI,FF,LI,15,unknown,double,TTTTTT
FF15LL,FF,LL,15,unknown,double,TTTTTT
FF15LV,FF,LV,15,unknown,double,TTTTTT
FA16LP,FA,LP,16,0.34684698119276,double,TTTGCG
FA16LT,FA,LT,16,1.15711328549944,double,TTTGCG
FA16LS,FA,LS,16,1.04495125424275,double,TTTGCG
FC19LG,FC,LG,19,unknown,double,TTTTGC
FC19LR,FC,LR,19,unknown,double,TTTTGC
FC19LS,FC,LS,19,unknown,double,TTTTGC
CL20*V,CL,*V,20,unknown,double,TGCCTT
CL20WF,CL,WF,20,unknown,double,TGCCTT
CL20WI,CL,WI,20,unknown,double,TGCCTT
CL20*F,CL,*F,20,unknown,double,TGCCTT
CL20*I,CL,*I,20,unknown,double,TGCCTT
CL20WV,CL,WV,20,0.00274281057209736,double,TGCCTT
FA24LP,FA,LP,24,unknown,double,TTTGCT
FA24LT,FA,LT,24,unknown,double,TTTGCT
FA24LS,FA,LS,24,unknown,double,TTTGCT
HP26QA,HP,QA,26,unknown,double,CACCCA
HP26QS,HP,QS,26,unknown,double,CACCCA
HP26QT,HP,QT,26,unknown,double,CACCCA
ET28DA,ET,DA,28,unknown,double,GAAACG
ET28DS,ET,DS,28,unknown,double,GAAACG
ET28DP,ET,DP,28,unknown,double,GAAACG
KV32NI,KV,NI,32,unknown,double,AAAGTA
KV32NL,KV,NL,32,unknown,double,AAAGTA
KD34NN,KD,NN,34,unknown,double,AAAGAT
KD34NY,KD,NY,34,unknown,double,AAAGAT
KD34NH,KD,NH,34,unknown,double,AAAGAT
DA35ES,DA,ES,35,unknown,double,GATGCT
DA35EP,DA,EP,35,unknown,double,GATGCT
DA35ET,DA,ET,35,unknown,double,GATGCT
ED37DY,ED,DY,37,unknown,double,GAAGAT
ED37DN,ED,DN,37,unknown,double,GAAGAT
ED37DH,ED,DH,37,unknown,double,GAAGAT
DQ38EK,DQ,EK,38,unknown,double,GATCAG
DQ38EE,DQ,EE,38,1.07610360855963,double,GATCAG
DQ38E*,DQ,E*,38,unknown,double,GATCAG
QL39HM,QL,HM,39,unknown,double,CAGTTG
QL39HV,QL,HV,39,unknown,double,CAGTTG
LG40FR,LG,FR,40,0.316826983010016,double,TTGGGT
LG40FC,LG,FC,40,0.133801880825071,double,TTGGGT
LG40FS,LG,FS,40,unknown,double,TTGGGT
YI46*F,YI,*F,46,unknown,double,TACATC
YI46*L,YI,*L,46,unknown,double,TACATC
YI46*V,YI,*V,46,unknown,double,TACATC
IE47MK,IE,MK,47,unknown,double,ATCGAA
IE47MQ,IE,MQ,47,unknown,double,ATCGAA
IE47M*,IE,M*,47,unknown,double,ATCGAA
EL48DV,EL,DV,48,unknown,double,GAACTG
EL48DM,EL,DM,48,unknown,double,GAACTG
DL50EI,DL,EI,50,unknown,double,GATCTC
DL50EF,DL,EF,50,unknown,double,GATCTC
DL50EV,DL,EV,50,unknown,double,GATCTC
NS52KG,NS,KG,52,unknown,double,AACAGC
NS52KC,NS,KC,52,unknown,double,AACAGC
NS52KR,NS,KR,52,0.599453030891901,double,AACAGC
SG53RC,SG,RC,53,unknown,double,AGCGGT
SG53RR,SG,RR,53,unknown,double,AGCGGT
SG53RS,SG,RS,53,unknown,double,AGCGGT
KI55NV,KI,NV,55,unknown,double,AAGATC
KI55NL,KI,NL,55,unknown,double,AAGATC
KI55NF,KI,NF,55,unknown,double,AAGATC
IL56MF,IL,MF,56,unknown,double,ATCCTT
IL56MV,IL,MV,56,unknown,double,ATCCTT
IL56MI,IL,MI,56,unknown,double,ATCCTT
ES58DG,ES,DG,58,unknown,double,GAGAGT
ES58DC,ES,DC,58,unknown,double,GAGAGT
ES58DR,ES,DR,58,unknown,double,GAGAGT
SF59RV,SF,RV,59,unknown,double,AGTTTT
SF59RI,SF,RI,59,unknown,double,AGTTTT
SF59RL,SF,RL,59,unknown,double,AGTTTT
FR60LG,FR,LG,60,0.017754885567942,double,TTTCGC
FR60LC,FR,LC,60,unknown,double,TTTCGC
FR60LS,FR,LS,60,unknown,double,TTTCGC
EE63DQ,EE,DQ,63,0.562667168782786,double,GAAGAA
EE63DK,EE,DK,63,0.474804890270339,double,GAAGAA
EE63D*,EE,D*,63,unknown,double,GAAGAA
ER64DG,ER,DG,64,unknown,double,GAACGT
ER64DS,ER,DS,64,unknown,double,GAACGT
ER64DC,ER,DC,64,unknown,double,GAACGT
FP66LA,FP,LA,66,0.00101085248212326,double,TTTCCA
FP66LT,FP,LT,66,unknown,double,TTTCCA
FP66LS,FP,LS,66,0.00104903939814612,double,TTTCCA
MM68IL,MM,IL,68,unknown,double,ATGATG
MM68IV,MM,IV,68,unknown,double,ATGATG
MS69IC,MS,IC,69,unknown,double,ATGAGC
MS69IR,MS,IR,69,unknown,double,ATGAGC
MS69IG,MS,IG,69,unknown,double,ATGAGC
ST70RP,ST,RP,70,unknown,double,AGCACT
ST70RA,ST,RA,70,unknown,double,AGCACT
ST70RS,ST,RS,70,0.000984247140921495,double,AGCACT
FK72LE,FK,LE,72,unknown,double,TTTAAA
FK72L*,FK,L*,72,unknown,double,TTTAAA
FK72LQ,FK,LQ,72,unknown,double,TTTAAA
KV73NI,KV,NI,73,unknown,double,AAAGTT
KV73NL,KV,NL,73,unknown,double,AAAGTT
KV73NF,KV,NF,73,unknown,double,AAAGTT
CG77*S,CG,*S,77,unknown,double,TGTGGC
CG77WR,CG,WR,77,unknown,double,TGTGGC
CG77WC,CG,WC,77,unknown,double,TGTGGC
CG77*R,CG,*R,77,unknown,double,TGTGGC
CG77*C,CG,*C,77,unknown,double,TGTGGC
CG77WS,CG,WS,77,unknown,double,TGTGGC
LS81FA,LS,FA,81,unknown,double,TTATCC
LS81FP,LS,FP,81,unknown,double,TTATCC
LS81FT,LS,FT,81,unknown,double,TTATCC
DA85ES,DA,ES,85,unknown,double,GACGCC
DA85EP,DA,EP,85,unknown,double,GACGCC
DA85ET,DA,ET,85,unknown,double,GACGCC
QE88HQ,QE,HQ,88,unknown,double,CAAGAG
QE88H*,QE,H*,88,unknown,double,CAAGAG
QE88HK,QE,HK,88,unknown,double,CAAGAG
EQ89DK,EQ,DK,89,unknown,double,GAGCAA
EQ89D*,EQ,D*,89,unknown,double,GAGCAA
EQ89DE,EQ,DE,89,unknown,double,GAGCAA
QL90HI,QL,HI,90,unknown,double,CAACTC
QL90HF,QL,HF,90,unknown,double,CAACTC
QL90HV,QL,HV,90,0.344455761496608,double,CAACTC
IH95MD,IH,MD,95,unknown,double,ATACAC
IH95MY,IH,MY,95,unknown,double,ATACAC
IH95MN,IH,MN,95,unknown,double,ATACAC
HY96QN,HY,QN,96,unknown,double,CACTAT
HY96QD,HY,QD,96,unknown,double,CACTAT
HY96QH,HY,QH,96,unknown,double,CACTAT
YS97*P,YS,*P,97,unknown,double,TATTCT
YS97*A,YS,*A,97,unknown,double,TATTCT
YS97*T,YS,*T,97,unknown,double,TATTCT
QN99HY,QN,HY,99,unknown,double,CAGAAT
QN99HH,QN,HH,99,unknown,double,CAGAAT
QN99HD,QN,HD,99,unknown,double,CAGAAT
ND100KY,ND,KY,100,unknown,double,AATGAC
ND100KN,ND,KN,100,unknown,double,AATGAC
ND100KH,ND,KH,100,unknown,double,AATGAC
DL101EV,DL,EV,101,unknown,double,GACTTG
DL101EM,DL,EM,101,unknown,double,GACTTG
LV102FL,LV,FL,102,unknown,double,TTGGTT
LV102FI,LV,FI,102,unknown,double,TTGGTT
LV102FF,LV,FF,102,unknown,double,TTGGTT
EY104DN,EY,DN,104,unknown,double,GAGTAC
EY104DD,EY,DD,104,unknown,double,GAGTAC
EY104DH,EY,DH,104,unknown,double,GAGTAC
YS105*P,YS,*P,105,unknown,double,TACTCA
YS105*A,YS,*A,105,unknown,double,TACTCA
YS105*T,YS,*T,105,unknown,double,TACTCA
EK110DQ,EK,DQ,110,unknown,double,GAAAAG
EK110D*,EK,D*,110,unknown,double,GAAAAG
EK110DE,EK,DE,110,0.75849007700239,double,GAAAAG
KH111ND,KH,ND,111,unknown,double,AAGCAT
KH111NN,KH,NN,111,unknown,double,AAGCAT
KH111NY,KH,NY,111,unknown,double,AAGCAT
HL112QF,HL,QF,112,unknown,double,CATCTT
HL112QV,HL,QV,112,0.788047151857615,double,CATCTT
HL112QI,HL,QI,112,unknown,double,CATCTT
DG115ER,DG,ER,115,unknown,double,GATGGC
DG115ES,DG,ES,115,unknown,double,GATGGC
DG115EC,DG,EC,115,unknown,double,GATGGC
MT117IP,MT,IP,117,unknown,double,ATGACA
MT117IA,MT,IA,117,unknown,double,ATGACA
MT117IS,MT,IS,117,unknown,double,ATGACA
RE120SK,RE,SK,120,0.500709179381305,double,AGAGAA
RE120S*,RE,S*,120,unknown,double,AGAGAA
RE120SQ,RE,SQ,120,1.11186382047991,double,AGAGAA
EL121DV,EL,DV,121,0.15883194566552,double,GAATTA
EL121DI,EL,DI,121,unknown,double,GAATTA
LC122FG,LC,FG,122,unknown,double,TTATGC
LC122FR,LC,FR,122,unknown,double,TTATGC
LC122FS,LC,FS,122,unknown,double,TTATGC
CS123*C,CS,*C,123,unknown,double,TGCAGT
CS123WR,CS,WR,123,unknown,double,TGCAGT
CS123WC,CS,WC,123,unknown,double,TGCAGT
CS123*G,CS,*G,123,unknown,double,TGCAGT
CS123*R,CS,*R,123,unknown,double,TGCAGT
CS123WG,CS,WG,123,0.00354444540964137,double,TGCAGT
SA124RT,SA,RT,124,unknown,double,AGTGCT
SA124RP,SA,RP,124,unknown,double,AGTGCT
SA124RS,SA,RS,124,0.968347321538462,double,AGTGCT
IT127MP,IT,MP,127,unknown,double,ATAACC
IT127MA,IT,MA,127,0.615725952573512,double,ATAACC
IT127MS,IT,MS,127,unknown,double,ATAACC
MS129IC,MS,IC,129,unknown,double,ATGAGT
MS129IR,MS,IR,129,unknown,double,ATGAGT
MS129IG,MS,IG,129,unknown,double,ATGAGT
SD130RH,SD,RH,130,unknown,double,AGTGAT
SD130RY,SD,RY,130,unknown,double,AGTGAT
SD130RN,SD,RN,130,unknown,double,AGTGAT
DN131EY,DN,EY,131,unknown,double,GATAAC
DN131EH,DN,EH,131,unknown,double,GATAAC
DN131ED,DN,ED,131,unknown,double,GATAAC
NT132KA,NT,KA,132,unknown,double,AACACT
NT132KS,NT,KS,132,unknown,double,AACACT
NT132KP,NT,KP,132,unknown,double,AACACT
NL136KV,NL,KV,136,unknown,double,AACTTA
NL136KI,NL,KI,136,unknown,double,AACTTA
LL137FI,LL,FI,137,unknown,double,TTACTT
LL137FF,LL,FF,137,unknown,double,TTACTT
LL137FV,LL,FV,137,0.00447215643934633,double,TTACTT
IG142MR,IG,MR,142,unknown,double,ATCGGA
IG142M*,IG,M*,142,unknown,double,ATCGGA
KE146NK,KE,NK,146,unknown,double,AAGGAG
KE146N*,KE,N*,146,unknown,double,AAGGAG
KE146NQ,KE,NQ,146,unknown,double,AAGGAG
EL147DV,EL,DV,147,unknown,double,GAGCTA
EL147DI,EL,DI,147,unknown,double,GAGCTA
FL151LM,FL,LM,151,unknown,double,TTTTTG
FL151LV,FL,LV,151,unknown,double,TTTTTG
LH152FY,LH,FY,152,unknown,double,TTGCAC
LH152FD,LH,FD,152,unknown,double,TTGCAC
LH152FN,LH,FN,152,unknown,double,TTGCAC
HN153QY,HN,QY,153,unknown,double,CACAAC
HN153QD,HN,QD,153,0.944879544298152,double,CACAAC
HN153QH,HN,QH,153,unknown,double,CACAAC
NM154KV,NM,KV,154,unknown,double,AACATG
NM154KL,NM,KL,154,unknown,double,AACATG
MG155IR,MG,IR,155,0.496131257137681,double,ATGGGG
MG155IW,MG,IW,155,unknown,double,ATGGGG
DH157EN,DH,EN,157,unknown,double,GATCAT
DH157EY,DH,EY,157,unknown,double,GATCAT
DH157ED,DH,ED,157,0.00268496832907547,double,GATCAT
HV158QL,HV,QL,158,0.0335563939693339,double,CATGTA
HV158QI,HV,QI,158,unknown,double,CATGTA
DR163ES,DR,ES,163,unknown,double,GATCGT
DR163EG,DR,EG,163,unknown,double,GATCGT
DR163EC,DR,EC,163,unknown,double,GATCGT
WE165*K,WE,*K,165,unknown,double,TGGGAA
WE165CK,WE,CK,165,unknown,double,TGGGAA
WE165**,WE,**,165,unknown,double,TGGGAA
WE165*Q,WE,*Q,165,unknown,double,TGGGAA
WE165CQ,WE,CQ,165,unknown,double,TGGGAA
WE165C*,WE,C*,165,unknown,double,TGGGAA
EP166DA,EP,DA,166,0.00351454220253716,double,GAACCG
EP166DS,EP,DS,166,0.00331157361561555,double,GAACCG
EP166DT,EP,DT,166,unknown,double,GAACCG
EL168DV,EL,DV,168,unknown,double,GAGCTG
EL168DM,EL,DM,168,unknown,double,GAGCTG
NE170KK,NE,KK,170,unknown,double,AATGAA
NE170K*,NE,K*,170,unknown,double,AATGAA
NE170KQ,NE,KQ,170,unknown,double,AATGAA
EA171DS,EA,DS,171,unknown,double,GAAGCC
EA171DT,EA,DT,171,unknown,double,GAAGCC
EA171DP,EA,DP,171,unknown,double,GAAGCC
IP173MA,IP,MA,173,unknown,double,ATACCA
IP173MS,IP,MS,173,unknown,double,ATACCA
IP173MT,IP,MT,173,unknown,double,ATACCA
ND175KY,ND,KY,175,unknown,double,AACGAC
ND175KN,ND,KN,175,unknown,double,AACGAC
ND175KH,ND,KH,175,unknown,double,AACGAC
DE176EQ,DE,EQ,176,unknown,double,GACGAG
DE176EK,DE,EK,176,unknown,double,GACGAG
DE176E*,DE,E*,176,unknown,double,GACGAG
ER177DG,ER,DG,177,0.3695761074776,double,GAGCGT
ER177DS,ER,DS,177,0.597106363417871,double,GAGCGT
ER177DC,ER,DC,177,unknown,double,GAGCGT
DT179ES,DT,ES,179,unknown,double,GACACC
DT179EA,DT,EA,179,unknown,double,GACACC
DT179EP,DT,EP,179,unknown,double,GACACC
MP182IT,MP,IT,182,unknown,double,ATGCCT
MP182IA,MP,IA,182,unknown,double,ATGCCT
MP182IS,MP,IS,182,0.0320403384320722,double,ATGCCT
MA186IT,MA,IT,186,unknown,double,ATGGCA
MA186IP,MA,IP,186,unknown,double,ATGGCA
MA186IS,MA,IS,186,0.971244502248212,double,ATGGCA
LR190FG,LR,FG,190,unknown,double,TTGCGC
LR190FC,LR,FC,190,unknown,double,TTGCGC
LR190FS,LR,FS,190,unknown,double,TTGCGC
KL192NI,KL,NI,192,unknown,double,AAACTA
KL192NV,KL,NV,192,unknown,double,AAACTA
LT194FA,LT,FA,194,unknown,double,TTAACT
LT194FP,LT,FP,194,unknown,double,TTAACT
LT194FS,LT,FS,194,unknown,double,TTAACT
EL197DV,EL,DV,197,1.0599489773801,double,GAACTA
EL197DI,EL,DI,197,unknown,double,GAACTA
QQ205HE,QQ,HE,205,unknown,double,CAACAA
QQ205H*,QQ,H*,205,unknown,double,CAACAA
QQ205HK,QQ,HK,205,unknown,double,CAACAA
QL206HI,QL,HI,206,unknown,double,CAATTA
QL206HV,QL,HV,206,unknown,double,CAATTA
LI207FL,LI,FL,207,unknown,double,TTAATA
LI207FV,LI,FV,207,unknown,double,TTAATA
ID208MH,ID,MH,208,unknown,double,ATAGAC
ID208MY,ID,MY,208,unknown,double,ATAGAC
ID208MN,ID,MN,208,unknown,double,ATAGAC
DW209ER,DW,ER,209,unknown,double,GACTGG
DW209EG,DW,EG,209,unknown,double,GACTGG
WM210*L,WM,*L,210,unknown,double,TGGATG
WM210CL,WM,CL,210,unknown,double,TGGATG
WM210CV,WM,CV,210,unknown,double,TGGATG
WM210*V,WM,*V,210,unknown,double,TGGATG
ME211I*,ME,I*,211,unknown,double,ATGGAG
ME211IQ,ME,IQ,211,unknown,double,ATGGAG
ME211IK,ME,IK,211,unknown,double,ATGGAG
EA212DS,EA,DS,212,unknown,double,GAGGCG
EA212DT,EA,DT,212,unknown,double,GAGGCG
EA212DP,EA,DP,212,0.00972794201858235,double,GAGGCG
DK214EQ,DK,EQ,214,unknown,double,GATAAA
DK214EE,DK,EE,214,unknown,double,GATAAA
DK214E*,DK,E*,214,unknown,double,GATAAA
KV215NI,KV,NI,215,unknown,double,AAAGTT
KV215NL,KV,NL,215,unknown,double,AAAGTT
KV215NF,KV,NF,215,unknown,double,AAAGTT
WF229CV,WF,CV,229,unknown,double,TGGTTT
WF229*V,WF,*V,229,unknown,double,TGGTTT
WF229*I,WF,*I,229,unknown,double,TGGTTT
WF229CI,WF,CI,229,unknown,double,TGGTTT
WF229CL,WF,CL,229,unknown,double,TGGTTT
WF229*L,WF,*L,229,unknown,double,TGGTTT
FI230LL,FI,LL,230,0.0604385527116518,double,TTTATT
FI230LV,FI,LV,230,unknown,double,TTTATT
FI230LF,FI,LF,230,unknown,double,TTTATT
IA231MP,IA,MP,231,unknown,double,ATTGCT
IA231MS,IA,MS,231,unknown,double,ATTGCT
IA231MT,IA,MT,231,unknown,double,ATTGCT
DK233EQ,DK,EQ,233,0.000812435584279279,double,GATAAA
DK233EE,DK,EE,233,0.000788052978329636,double,GATAAA
DK233E*,DK,E*,233,unknown,double,GATAAA
KS234NP,KS,NP,234,unknown,double,AAATCT
KS234NT,KS,NT,234,unknown,double,AAATCT
KS234NA,KS,NA,234,unknown,double,AAATCT
ER240DG,ER,DG,240,unknown,double,GAGCGT
ER240DS,ER,DS,240,unknown,double,GAGCGT
ER240DC,ER,DC,240,unknown,double,GAGCGT
II246MF,II,MF,246,unknown,double,ATCATT
II246MV,II,MV,246,unknown,double,ATCATT
II246ML,II,ML,246,unknown,double,ATCATT
IA247MP,IA,MP,247,unknown,double,ATTGCA
IA247MS,IA,MS,247,unknown,double,ATTGCA
IA247MT,IA,MT,247,unknown,double,ATTGCA
DG254ER,DG,ER,254,unknown,double,GATGGT
DG254ES,DG,ES,254,unknown,double,GATGGT
DG254EC,DG,EC,254,unknown,double,GATGGT
KP256NT,KP,NT,256,unknown,double,AAGCCC
KP256NS,KP,NS,256,unknown,double,AAGCCC
KP256NA,KP,NA,256,unknown,double,AAGCCC
IV260ML,IV,ML,260,0.0297997102851837,double,ATCGTA
IV260MI,IV,MI,260,unknown,double,ATCGTA
IY263MD,IY,MD,263,unknown,double,ATCTAC
IY263MH,IY,MH,263,unknown,double,ATCTAC
IY263MN,IY,MN,263,unknown,double,ATCTAC
YT264*P,YT,*P,264,unknown,double,TACACG
YT264*A,YT,*A,264,unknown,double,TACACG
YT264*S,YT,*S,264,unknown,double,TACACG
SQ268R*,SQ,R*,268,unknown,double,AGTCAG
SQ268RE,SQ,RE,268,unknown,double,AGTCAG
SQ268RK,SQ,RK,268,unknown,double,AGTCAG
QA269HP,QA,HP,269,unknown,double,CAGGCA
QA269HT,QA,HT,269,unknown,double,CAGGCA
QA269HS,QA,HS,269,unknown,double,CAGGCA
MD272IH,MD,IH,272,unknown,double,ATGGAT
MD272IY,MD,IY,272,unknown,double,ATGGAT
MD272IN,MD,IN,272,unknown,double,ATGGAT
DE273EQ,DE,EQ,273,0.925956383517899,double,GATGAA
DE273EK,DE,EK,273,unknown,double,GATGAA
DE273E*,DE,E*,273,unknown,double,GATGAA
ER274DG,ER,DG,274,unknown,double,GAACGA
ER274D*,ER,D*,274,unknown,double,GAACGA
NR276KG,NR,KG,276,unknown,double,AATAGA
NR276K*,NR,K*,276,unknown,double,AATAGA
RQ277SK,RQ,SK,277,unknown,double,AGACAG
RQ277SE,RQ,SE,277,unknown,double,AGACAG
RQ277S*,RQ,S*,277,unknown,double,AGACAG
QI278HL,QI,HL,278,unknown,double,CAGATC
QI278HF,QI,HF,278,unknown,double,CAGATC
QI278HV,QI,HV,278,unknown,double,CAGATC
IA279MP,IA,MP,279,0.00109969183426115,double,ATCGCT
IA279MS,IA,MS,279,unknown,double,ATCGCT
IA279MT,IA,MT,279,unknown,double,ATCGCT
EI281DV,EI,DV,281,0.384484371605744,double,GAGATA
EI281DL,EI,DL,281,unknown,double,GAGATA
IG282MS,IG,MS,282,unknown,double,ATAGGT
IG282MR,IG,MR,282,0.000852104721192792,double,ATAGGT
IG282MC,IG,MC,282,unknown,double,ATAGGT
IK287ME,IK,ME,287,unknown,double,ATTAAG
IK287MQ,IK,MQ,287,unknown,double,ATTAAG
IK287M*,IK,M*,287,unknown,double,ATTAAG
KH288ND,KH,ND,288,unknown,double,AAGCAT
KH288NN,KH,NN,288,unknown,double,AAGCAT
KH288NY,KH,NY,288,unknown,double,AAGCAT
HW289QG,HW,QG,289,0.00376311678112314,double,CATTGG
HW289QR,HW,QR,289,0.00523134002014807,double,CATTGG
